Workbook

Sheet Mar 2026
A1: Date | B1: Gauge | C1: Gsm | D1: 46032 | E1: Freight | F1: Total | I1: Date | J1: Gauge | K1: Gsm | L1: 45954 | M1: Freight | N1: Total
A2: GSS | B2: 26G | C2: 120 | D2: 82600 | E2: 700 | F2: =D2+E2 -> 83300 | I2: GSS | J2: 24G | K2: 180 | L2: 73500 | M2: 1100 | N2: =L2+M2 -> 74600
B3: 24G | C3: 120 | D3: 80550 | E3: 700 | F3: =D3+E3 -> 81250 | J3: 22G | K3: 180 | L3: 71500 | M3: 1100 | N3: =L3+M3 -> 72600
B4: 22G | C4: 120 | D4: 78500 | E4: 700 | F4: =D4+E4 -> 79200 | J4: 20G | K4: 180 | L4: 71500 | M4: 1100 | N4: =L4+M4 -> 72600
B5: 20G | C5: 120 | D5: 78500 | E5: 700 | F5: =D5+E5 -> 79200 | J5: 18G | K5: 180 | L5: 71500 | M5: 1100 | N5: =L5+M5 -> 72600
B6: 18G | C6: 120 | D6: 78500 | E6: 700 | F6: =D6+E6 -> 79200
A8: AL. | B8: 22G | D8: 370000 | E8: 1838 | F8: =D8+E8 -> 371838 | I8: Slit | J8: 24G | K8: 180 | L8: 75500 | M8: 710 | N8: =L8+M8 -> 76210
B9: 20G | D9: 345000 | E9: 600 | F9: =D9+E9 -> 345600 | J9: 22G | K9: 180 | L9: 73500 | M9: 710 | N9: =L9+M9 -> 74210
B10: 18G | D10: 310000 | E10: 1500 | F10: =D10+E10 -> 311500 | J10: 20G | K10: 180 | L10: 73550 | M10: 710 | N10: =L10+M10 -> 74260
A12: Slit | B12: 26G | C12: 120 | D12: 83000 | E12: 600 | F12: =D12+E12 -> 83600
B13: 24G | C13: 120 | D13: 79000 | E13: 600 | F13: =D13+E13 -> 79600
B14: 22G | C14: 120 | D14: 78000 | E14: 600 | F14: =D14+E14 -> 78600
B15: 20G | C15: 120 | D15: 78000 | E15: 600 | F15: =D15+E15 -> 78600
A18: Average
A19: GSS | B19: 26G | D19: =(F2+#REF!)/2 -> #REF!
B20: 24G | D20: =(F3+#REF!)/2 -> #REF!
B21: 22G | D21: =(F4+#REF!)/2 -> #REF!
B22: 20G | D22: =F5 -> 79200
B23: 18G | D23: =(F6+#REF!)/2 -> #REF!
A25: Slit | B25: 26G | D25: =(F12+#REF!)/2 -> #REF!
B26: 24G | D26: =(F13+#REF!)/2 -> #REF!
B27: 22G | D27: =(F14+#REF!)/2 -> #REF!
B28: 20G | D28: =(F15+#REF!)/2 -> #REF!
A30: AL. | B30: 22G | D30: =F8 -> 371838
B31: 20G | D31: =F9 -> 345600
B32: 18G | D32: =F10 -> 311500

Sheet Apr 2026
A1: Date | B1: Gauge | C1: Gsm | D1: 46032 | E1: Freight | F1: Total | I1: Date | J1: Gauge | K1: Gsm | L1: 45954 | M1: Freight | N1: Total
A2: GSS | B2: 26G | C2: 120 | D2: 88000 | E2: 600 | F2: =D2+E2 -> 88600 | I2: GSS | J2: 24G | K2: 180 | L2: 73500 | M2: 1100 | N2: =L2+M2 -> 74600
B3: 24G | C3: 120 | D3: 87000 | E3: 600 | F3: =D3+E3 -> 87600 | J3: 22G | K3: 180 | L3: 71500 | M3: 1100 | N3: =L3+M3 -> 72600
B4: 22G | C4: 120 | D4: 85000 | E4: 600 | F4: =D4+E4 -> 85600 | J4: 20G | K4: 180 | L4: 71500 | M4: 1100 | N4: =L4+M4 -> 72600
B5: 20G | C5: 120 | D5: 85000 | E5: 600 | F5: =D5+E5 -> 85600 | J5: 18G | K5: 180 | L5: 71500 | M5: 1100 | N5: =L5+M5 -> 72600
B6: 18G | C6: 120 | D6: 85000 | E6: 600 | F6: =D6+E6 -> 85600
A8: AL. | B8: 22G | D8: 370000 | E8: 1838 | F8: =D8+E8 -> 371838 | I8: Slit | J8: 24G | K8: 180 | L8: 75500 | M8: 710 | N8: =L8+M8 -> 76210
B9: 20G | D9: 345000 | E9: 600 | F9: =D9+E9 -> 345600 | J9: 22G | K9: 180 | L9: 73500 | M9: 710 | N9: =L9+M9 -> 74210
B10: 18G | D10: 310000 | E10: 1500 | F10: =D10+E10 -> 311500 | J10: 20G | K10: 180 | L10: 73550 | M10: 710 | N10: =L10+M10 -> 74260
A12: Slit | B12: 26G | C12: 120 | D12: 83000 | E12: 600 | F12: =D12+E12 -> 83600
B13: 24G | C13: 120 | D13: 88000 | E13: 600 | F13: =D13+E13 -> 88600
B14: 22G | C14: 120 | D14: 86000 | E14: 600 | F14: =D14+E14 -> 86600
B15: 20G | C15: 120 | D15: 86000 | E15: 600 | F15: =D15+E15 -> 86600
A18: Average
A19: GSS | B19: 26G | D19: =('Mar 2026'!F2+F2)/2 -> 85950
B20: 24G | D20: =F3 -> 87600
B21: 22G | D21: =F4 -> 85600
B22: 20G | D22: =F5 -> 85600
B23: 18G | D23: =('Mar 2026'!F6+'Apr 2026'!F6)/2 -> 82400
A25: Slit | B25: 26G | D25: =(F12+'Mar 2026'!F12)/2 -> 83600
B26: 24G | D26: =(F13+'Mar 2026'!F13)/2 -> 84100
B27: 22G | D27: =(F14+'Mar 2026'!F14)/2 -> 82600
B28: 20G | D28: =(F15+'Mar 2026'!F15)/2 -> 82600
A30: AL. | B30: 22G | D30: =F8 -> 371838
B31: 20G | D31: =F9 -> 345600
B32: 18G | D32: =F10 -> 311500

Sheet July 2026
A1: Date | B1: Gauge | C1: Gsm | D1: 46032 | E1: Freight | F1: Total
A2: GSS | B2: 26G | C2: 120 | D2: 88000 | E2: 600 | F2: =D2+E2 -> 88600
B3: 24G | C3: 120 | D3: 84000 | E3: 500 | F3: =D3+E3 -> 84500
B4: 22G | C4: 120 | D4: 82000 | E4: 500 | F4: =D4+E4 -> 82500
B5: 20G | C5: 120 | D5: 85000 | E5: 600 | F5: =D5+E5 -> 85600
B6: 18G | C6: 120 | D6: 85000 | E6: 600 | F6: =D6+E6 -> 85600
A8: AL. | B8: 22G | D8: 455000 | E8: 1630 | F8: =D8+E8 -> 456630
B9: 20G | D9: 345000 | E9: 600 | F9: =D9+E9 -> 345600
B10: 18G | D10: 310000 | E10: 1500 | F10: =D10+E10 -> 311500
A12: Slit | B12: 26G | C12: 120 | D12: 83000 | E12: 600 | F12: =D12+E12 -> 83600
B13: 24G | C13: 120 | D13: 85000 | E13: 500 | F13: =D13+E13 -> 85500
B14: 22G | C14: 120 | D14: 86000 | E14: 600 | F14: =D14+E14 -> 86600
B15: 20G | C15: 120 | D15: 86000 | E15: 600 | F15: =D15+E15 -> 86600
A18: Average
A19: GSS | B19: 26G | D19: =('Mar 2026'!F2+F2)/2 -> 85950
B20: 24G | D20: =F3 -> 84500
B21: 22G | D21: =F4 -> 82500
B22: 20G | D22: =F5 -> 85600
B23: 18G | D23: =('Mar 2026'!F6+'July 2026'!F6)/2 -> 82400
A25: Slit | B25: 26G | D25: =(F12+'Mar 2026'!F12)/2 -> 83600
B26: 24G | D26: =(F13+'Mar 2026'!F13)/2 -> 82550
B27: 22G | D27: =(F14+'Mar 2026'!F14)/2 -> 82600
B28: 20G | D28: =(F15+'Mar 2026'!F15)/2 -> 82600
A30: AL. | B30: 22G | D30: =F8 -> 456630
B31: 20G | D31: =F9 -> 345600
B32: 18G | D32: =F10 -> 311500
